HB.import_ref,HB.location,HB.labels,HB.asset_id,HB.archived,HB.url,HB.name,HB.quantity,HB.description,HB.insured,HB.notes,HB.purchase_price,HB.purchase_from,HB.purchase_time,HB.manufacturer,HB.model_number,HB.serial_number,HB.lifetime_warranty,HB.warranty_expires,HB.warranty_details,HB.sold_to,HB.sold_price,HB.sold_time,HB.sold_notes,HB.field.Doos,HB.field.Mac Adres Port,HB.field.Mac Adres Wifi,HB.field.Mac adres Port,HB.field.Mac adres Wifi,HB.field.Mac adres port,HB.field.Mac adres wifi
,Slaapkamer 2,Servers; Storage Devices,000-001,false,http://192.168.0.11:3100/item/2f1bb69a-5332-43ac-81be-5f42e1fd1e29,hp prodesk g4 400 thin client,1,hp prodesk g4 400 thin client,false,,0,Paul Klijnstra Privé - SoftTech,2023-05-15,hp,,,false,2023-05-15,,,0,0001-03-19,,,,,,,,
,Slaapkamer 2,Servers; Storage Devices,000-002,false,http://192.168.0.11:3100/item/c058e0f7-e8fd-4057-8f6a-7ab8ea1bae9c,hp t540 thin client,1,hp t540 thin client,false,,0,Eerste Christelijk Lyceum,2022-03-19,hp,,,false,2022-03-19,,,0,0001-03-19,,,,,,,,
,Slaapkamer 2,Servers; Storage Devices,000-003,false,http://192.168.0.11:3100/item/ed67280b-8754-4da7-9951-76a0fd70bdcc,Raspberry pi 4,1,,false,,65,Nova College,2022-07-01,Raspberry Pi,,,false,2022-07-01,,,0,0001-03-19,,,,,,,,
,On Person,Storage Devices,000-004,false,http://192.168.0.11:3100/item/c945cd8e-89c7-4388-9e89-d108ce27b573,Motorola Edge 30 Neo 256GB Zwart,1,Motorola Edge 30 Neo 256GB Zwart,false,,229,Coolblue.nl,2023-11-17,Motorola,,,false,2025-11-17,,,0,0001-03-19,,ja,,,,,,FC:B9:DF:40d87:8F
,On Person,Storage Devices,000-005,false,http://192.168.0.11:3100/item/41a92827-757b-44b5-9bb0-c20c1b585fd2,Samsung Galaxy Watch4 44 mm Zwart,1,Samsung Galaxy Watch4 44 mm Zwart,false,,114,Coolblue.nl,2022-11-21,Samsung,,,false,2024-11-21,,,0,0001-03-19,,ja,,,,,,64:5d:F4:02:F3:15
,Slaapkamer 2,Storage Devices,000-006,false,http://192.168.0.11:3100/item/ad7bb11c-5a0c-4d5f-a1c9-4c73f55b9e8b,Asus Vivobook Pro 14,1,Asus Vivobook Pro 14 M3401QC-KP093W,false,,899,Coolblue.nl,2022-09-07,Asus,M3401QC-KP093W,M3401QC-KP093W,false,2024-09-07,,,0,0001-03-19,,ja,,,,,,
,Slaapkamer 2,,000-007,false,http://192.168.0.11:3100/item/14e8f8e7-580a-435d-82d7-91b230da68cc,JBL Xtreme 2 Gun Metal,1,JBL Xtreme 2 Gun Metal,false,,166,Coolblue.nl,2020-12-30,JBL,,,false,2022-12-30,,,0,0001-03-19,,,,,,,,
,Slaapkamer 2,Storage Media; Storage Devices,000-008,false,http://192.168.0.11:3100/item/8d00fd2b-db5c-458f-a981-3f75a4353325,"Seagate HDD 3.5"" 2TB",1,"Seagate HDD 3.5"" 2TB ST2000DM008 Barracuda",false,,49.9,Megekko.nl,2022-03-04,Seagate,ST2000DM008,,false,2024-03-04,,,0,0001-03-19,,,,,,,,
,Slaapkamer 2,,000-009,false,http://192.168.0.11:3100/item/2a74028e-5225-411e-9c09-70ba388ef5b9,AMD Ryzen 7 5700G,1,AMD Ryzen 7 5700G processor,false,,319,Megekko.nl,2022-01-30,AMD,,,false,2025-03-01,,,0,0001-03-19,,,,,,,,
,Slaapkamer 2,,000-010,false,http://192.168.0.11:3100/item/e8e3ddd3-e2c6-448b-9256-cfacd31899d3,"Corsair LL Series, LL120 RGB",1,"Corsair LL Series, LL120 RGB",false,,27.9,Megekko.nl,2022-01-30,Corsair,,,false,2024-02-01,,,0,0001-03-19,,ntb,,,,,,
,Slaapkamer 2,Maintenance Items; Storage Devices,000-011,false,http://192.168.0.11:3100/item/0bd53761-d1c6-4a12-9b8e-6615ac64f66c,Corsair iCue 465X RGB Black,1,Corsair iCue 465X RGB Black Midi Tower Behuizing,false,,149,Megekko.nl,2022-12-30,Corsair,,,false,2024-03-01,,,0,0001-03-19,,,,,,,,
,Slaapkamer 2,,000-012,false,http://192.168.0.11:3100/item/650575b9-d98a-4956-a470-ebc90855d7d8,EVGA GeForce RTX 3070 Ti XC3 ULTRA,1,EVGA GeForce RTX 3070 Ti XC3 ULTRA Videokaart,false,,1099,Megekko.nl,2022-02-01,EVGA,,,false,2025-02-01,Warrenty after 2 years is through eu.evga.com,,0,0001-03-19,,ja,,,,,,
,Slaapkamer 2,,000-013,false,http://192.168.0.11:3100/item/7051e7a2-6bad-4b85-a8bf-c93e290c46ba,Corsair CX750F RGB,1,Corsair CX750F RGB PSU / PC voeding,false,,59.9,Megekko.nl,2022-01-30,Corsair,,,false,2027-03-01,,,0,0001-03-19,,ja,,,,,,
,Slaapkamer 2,,000-014,false,http://192.168.0.11:3100/item/39bba8e5-5cdb-4e2e-8737-e82ffc6835b9,Corsair iCUE H100i ELITE CAPELLIX 240mm,1,Corsair iCUE H100i ELITE CAPELLIX 240mm,false,,141,Megekko.nl,2022-01-30,Corsair,,,false,2027-03-01,,,0,0001-03-19,,ja,,,,,,
,Slaapkamer 2,Storage Media; Storage Devices,000-015,false,http://192.168.0.11:3100/item/b5566a09-1a72-448e-8689-a43c99474d3a,WD Blue SN550 250GB M.2,1,WD Blue SN550 250GB M.2 SSD,false,,40.99,Megekko.nl,2022-01-30,Western Digital,,,false,2027-03-01,,,0,0001-03-19,,,,,,,,
,Slaapkamer 2,,000-016,false,http://192.168.0.11:3100/item/ad550fc4-7b52-48af-8c61-42469b3ee359,Corsair DDR4 Vengeance RGB Pro,2,Corsair DDR4 Vengeance RGB Pro 2x8GB 3600 Geheugenmodule,false,"bestaat uit 2 modules, 2 kitjes aanwezig = 4",84.9,Megekko.nl,2024-01-30,Corsair,,,false,2032-02-01,,,0,0001-03-19,,ja,,,,,,
,Slaapkamer 2,Storage Media; Storage Devices,000-017,false,http://192.168.0.11:3100/item/d876bf0a-2c33-4ddb-90c6-5e3cda2e97a1,Kingston A400 240GB SSD,1,Kingston A400 240GB SSD,false,,29.9,Megekko.nl,2022-01-11,Kingston,,,false,2024-01-11,,,0,0001-03-19,,,,,,,,
,Bedroom,,000-018,false,http://192.168.0.11:3100/item/329f6f46-ea53-4f45-aa2e-0aac91fcb580,Gembird DSW-HDMI-34 video switch,1,Gembird DSW-HDMI-34 video switch,false,,9.95,Megekko.nl,2021-07-07,Gembird,,,false,2022-07-07,,,0,0001-03-19,,,,,,,,
,Slaapkamer 2,,000-019,false,http://192.168.0.11:3100/item/ae0f3cf2-08d7-4ff4-b7db-4476e8a68a97,Gigabyte X570S AORUS ELITE AX,1,Gigabyte X570S AORUS ELITE AX - 1.1moederbord - ATX - Socket AM4 - AMD X570 chipset -,false,,259,Azerty,2022-01-30,Gigabyte,,,false,2025-01-29,"op Azerty niet gevonden, Gigabyte geeft 3 jaar",,0,0001-03-20,,ja,,,D8:5E:D3:0E:29:8C,F8:89:D2:7A:11:C1,,
,Slaapkamer 2,,000-020,false,http://192.168.0.11:3100/item/0ce455e4-d7e8-434f-988b-64640f9b60e4,MikroTik RB260GS,1,MikroTik RB260GS,false,,43.95,Azerty,2021-07-02,MikroTik,,,false,2023-07-02,,,0,0001-03-20,,,,,,,,
,Slaapkamer 2,Storage Media; Storage Devices,000-021,false,http://192.168.0.11:3100/item/01fb1ee7-19d9-426d-9377-84b67bac9984,Samsung 980 1 TB,1,"Samsung 980 1 TB - Solid state drive intern M.2 2280 - PCI Express 3.0 x4 - NVMe - 1 TB
",false,,132.95,Azerty,2021-04-07,Samsung,,,false,2026-04-06,"""Je krijgt 5 jaar fabrieksgarantie van Samsung."" azerty website",,0,0001-03-20,,ja,,,,,,
,On Person / Bag,,000-022,false,http://192.168.0.11:3100/item/1aa525e1-fb71-4977-8072-4e873c87df9c,Corsair HARPOON RGB WIRELESS,1,Corsair HARPOON RGB WIRELESS Gaming Mouse,false,,54.9,Alternate,2022-09-19,Corsiar,RPG0075,006222134340,false,2024-09-19,,,0,0001-03-20,,ja,,,,,,
,On Person / Bag,,000-023,false,http://192.168.0.11:3100/item/96acfe62-baad-4e2e-b765-5b23e06fbe78,i-tec USB 3.0 Metal Gigabit Ethernet Adapter,1,i-tec USB 3.0 Metal Gigabit Ethernet Adapter,false,,17.99,,2022-09-16,I-Tec,,,false,2024-09-16,,,0,0001-03-20,,ja,,,,,,
,Slaapkamer 2,Storage Media; Storage Devices,000-024,false,http://192.168.0.11:3100/item/3a6c096c-d0df-489c-86f8-96cbf1c5cd42," Seagate Basic 4000 GB Externe harde schijf",1," Seagate Basic 4000 GB Externe harde schijf",false,,99,bol.com,2022-06-27,Seagate,,,false,2024-06-27,,,0,0001-03-20,,ja,,,,,,
,Bedroom,,000-025,false,http://192.168.0.11:3100/item/07b4b94b-c412-4383-9887-5ba5de60a70d,Opvouwbaar Bluetooth toetsenbord,1,Opvouwbaar Bluetooth toetsenbord - Zwart,false,,29.95,bol.com,2022-03-27,,,,false,2023-03-27,,,0,0001-03-20,,,,,,,,
,Slaapkamer 2,,000-026,false,http://192.168.0.11:3100/item/8762b9d6-969c-42fd-a67b-ea553b82f7f6,Corsair Harpoon RGB Pro,1,Corsair Harpoon RGB Pro - Gaming Muis - 12000 DPI - Zwart,false,,24.71,,2022-01-30,Corsair,,,false,2024-01-30,,,0,0001-03-20,,ntb,,,,,,
,Slaapkamer 2,Storage Devices,000-027,false,http://192.168.0.11:3100/item/9df7b3ab-8fa3-44c1-9ae4-6cc89741f207,KOBO Libra H20,1,KOBO Libra H20 - Wit,false,,179,Mediamarkt,2021-08-15,KOBO,,,false,2023-08-15,,,0,0001-03-20,,ntb,,58:B0:D4:6C:71:8D,,,,
,On Person / Bag,Storage Devices,000-028,false,http://192.168.0.11:3100/item/5b586982-951c-4699-a131-801b83ecde94,Flipper Zero,1,Flipper Zero,false,,275.88," Lab401",2023-07-01,Flipper,,,false,2025-07-01,,,0,0001-03-20,,ja,,,,,,
,On Person,,000-029,false,http://192.168.0.11:3100/item/85985e57-f06b-4ea3-9ada-2e019882429b,Fresh 'n Rebel Twins Elite,1,Fresh 'n Rebel Twins Elite ANC Storm Grey,false,,80,ING Punten,2024-02-27,Fresh 'n Rebel,,,false,2026-02-27,,,0,0001-03-21,,ja,,,,,,
,Bedroom,Storage Devices,000-030,false,http://192.168.0.11:3100/item/d0687fba-944a-436d-99ab-cf843c5e10bd,Steam Deck,1,Steam Deck LCD 512gb,false,,675,Valve,2022-09-17,Valve,,,false,2024-09-17,,,0,0001-03-22,,ja,,,,,,
,Bedroom,Storage Devices; Archieved,000-031,true,http://192.168.0.11:3100/item/9a7f7415-d608-4ecd-90c8-feb286567b10,Acer Nitro 5,1,Acer Nitro 5 AN517-51-793B,false,Toetsenbord werkt niet volledig. ,1299,CoolBlue,2019-09-10,Acer,AN517-51-793B,,false,2021-09-10,,afgevoerd,0.01,0001-03-29,,nee,,,,,,
,Bedroom,Storage Devices; Archieved,000-032,true,http://192.168.0.11:3100/item/ffc8e6fe-f8ed-440b-8721-ad46358e99ee,Xiaomi Redmi Note 8T,1,Xiaomi Redmi Note 8T 128 GB Blauw,false,,199,Coolblue,2020-01-26,Xiaomi,,,false,2022-01-26,,afgevoerd,0.01,0001-03-29,,ja,,,,,,
,Zolder,,000-033,false,http://192.168.0.11:3100/item/2228f6df-aa09-4656-a107-9810b525df5c," iiyama G-Master",1,iiyama G-Master GB2470HSU-B1 Red Eagle,false,,199,Coolblue,2021-03-02,Iiyama,GB2470HSU-B1,,false,2024-02-02,,,0,0001-03-29,,ja,,,,,,
,Bedroom,Archieved,000-034,true,http://192.168.0.11:3100/item/07d2e4de-4fd9-44f5-a1ef-79d391d0b92a,Razer Kraken,1,Razer Kraken Tournament Edition Zwart,false,,69,Alternate,2021-05-30,Razer,,T01869109200009,false,2023-05-30,,afgevoerd,0.01,2024-08-10,,nee,,,,,,
,Bedroom,Archieved,000-035,true,http://192.168.0.11:3100/item/d80b2409-da59-42be-a2f7-9d365d548c5e,Corsair Dark Core RGB,1,Corsair Dark Core RGB,false,,69.9,,2019-01-03,Corsair,,,false,2021-01-03,,afgevoerd,0.01,0001-03-29,,nee,,,,,,
,Slaapkamer 2,Storage Media; Storage Devices,000-036,false,http://192.168.0.11:3100/item/b277aad9-f9a8-4118-a479-ed074cf72510,Kingston A2000 500GB,1,Kingston A2000 500GB M.2,false,,63.81,Azerty,2019-12-07,Kingston,,,false,2024-12-07,garantie via kingston,,0,0001-03-29,,,,,,,,
,Bedroom,Archieved,000-037,true,http://192.168.0.11:3100/item/b053040f-c2b4-4433-880f-df66d4bb8ab8,Corsair K68 RGB,1,Corsair K68 RGB Cherry MX Red USB,false,,118.9,Azerty,2020-03-19,Corsair,,,false,2022-03-19,"Reeds ingestuurd voor defect, vergoeding ontvangen. ",Azerty,118.9,2021-06-23,,nee,,,,,,
,Bedroom,Archieved,000-038,true,http://192.168.0.11:3100/item/7a1eedb9-b35c-46d0-bea7-5c1ea492bd36,Cooler Master MP750,1,Cooler Master MP750 - Muismat XL,false,,54.9,Azerty,2020-03-19,Cooler Master,,,false,2022-03-19,,afgevoerd,0.01,2024-08-09,,nee,,,,,,
,Slaapkamer 2,,000-039,false,http://192.168.0.11:3100/item/5a2879aa-0e02-411f-8f32-03ffd30b57a0,Corsair K95 Platinum,1,Corsair K95 Platinum RGB MX Brown,false,Ter vervanging Corsair K68 wegens defect,134.9,Alternate,2021-06-23,Corsair,,,false,2023-06-23,Bon in map boven bureau,,0,0001-03-29,,ja,,,,,,
,Woonkamer,Medical,000-040,false,http://192.168.0.11:3100/item/330bd9ad-39e0-49fd-9c80-bd7384a51d7d,Omron M3 Comfort,1,,false,,0,,2024-05-09,,,,false,2029-05-09,,,0,0001-05-10,,,,,,,,
,Slaapkamer 2,Storage Devices,000-041,false,http://192.168.0.11:3100/item/6ebc4aba-8bd7-4f14-89f1-7182ba09d808,HP Probook 440 G4,1,,false,,0,SoftTech,2023-03-01,,,,false,2023-03-01,,,0,0001-05-19,,,,,,,,
,Slaapkamer 2,,000-042,false,http://192.168.0.11:3100/item/a085104d-6148-4220-a59a-5d9f835d8b17,Secretlab TITAN Evo,1,Secretlab TITAN Evo Charcoal Blue,false,,539,secretlab.eu,2024-05-05,secretlab,,,false,2027-05-05,,,0,0001-05-09,,,,,,,,
,Slaapkamer 2,SmartHome,000-043,false,http://192.168.0.11:3100/item/4cf7c978-b3ef-4353-941c-a9ff15e60c8e,Home Assistant SkyConnect,1,Home Assistant SkyConnect Zigbee en Thread USB,false,,42.95,Robbshop,2024-05-13,Home Assistant,,242303,false,2026-05-13,,,0,0001-05-14,,ntb,,,,,,
,Slaapkamer 2,SmartHome,000-044,false,http://192.168.0.11:3100/item/b0fb4d06-f5ef-4742-9b7c-c3b4c89259e2,Aqara Temperature And Humidity,1,Aqara Temperature And Humidity Sensor T1,false,,21.95,Robbshop,2024-05-13,Aqara,,A00722/YH1CRR04750,false,2026-05-13,,,0,0001-05-14,,,,,,,,
,Slaapkamer 2,SmartHome,000-045,false,http://192.168.0.11:3100/item/8600c95d-6245-428b-b8a7-584a221d7ed6,Aqara Smart Plug,1,Aqara Smart Plug 1-Pack,false,,29.95,Roboshop,2024-05-13,,,A00430/YH1CNV04472,false,2026-05-13,,,0,0001-05-14,,,,,,,,
,Slaapkamer 2,,000-046,false,http://192.168.0.11:3100/item/322162dc-cd43-438f-9540-3ca81479e474,Logitech Z333,1,Logitech Z333 2.1 met Subwoofer,false,,30,Marktplaats - Jacob,2023-10-01,Logitech,,,false,2023-10-09,,,0,0001-05-17,,,,,,,,
,Slaapkamer 2,,000-047,false,http://192.168.0.11:3100/item/78fb63f6-41d8-4e17-8b21-f2ebdc25b7e1,Aqara Sensor wallmount - Sliding Version,1,Aqara Sensor wallmount - Sliding Version,false,,2.5,Threedee.nl,2024-05-18,Threedee.nl,,,false,2024-05-18,,,0,0001-05-24,,,,,,,,
,Slaapkamer 2,,000-048,false,http://192.168.0.11:3100/item/0bf78e34-d987-4086-8c4d-31093bdc9df0,Neomounts FPMA-D550DBLACK,1,"Neomounts FPMA-D550DBLACK - Monitor arm 2 schermenschermgrootte: 10""-32"" - desktop - zwart",false,,48.9,Azerty.nl,2024-05-31,Neomounts,,,false,2026-05-31,,,0,0001-05-24,,,,,,,,
,Slaapkamer 2,,000-049,false,http://192.168.0.11:3100/item/d21b71c3-d084-44a5-9461-a9abe0fe20fc,"iiyama G-Master G2770QSU-B1 27""",2,"iiyama G-Master G2770QSU-B1 27"" Quad HD 165Hz IPS monitor",false,1 doos aanwezig,259,Megekko.nl,2024-05-31,iiyama,,,false,2027-05-31,,,0,0001-05-24,,ja,,,,,,
,Voorzolder / Campingspullen,,000-050,false,http://192.168.0.11:3100/item/7f55af7c-3619-449c-9dd3-fd511c771462,Froyak elektrische luchtpomp,1,,false,,6.95,Action,2024-06-02,,,,false,2025-06-02,,,0,0001-06-02,,ja,,,,,,
,Voorzolder / Campingspullen,,000-051,false,http://192.168.0.11:3100/item/ad0691ca-b065-4eb1-80b5-197d0222a40a,Kampeertent voor 2 personen,1,"KAMPEERTENT VOOR 2 PERSONEN 2 SECONDS EASY FRESH & BLACK
Kampeertent voor 2 personen 2 seconds easy fresh & black",false,,139.99,Decathlon,2024-03-20,,,,false,2029-03-20,,,0,0001-07-02,,,,,,,,
,Voorzolder / Campingspullen,,000-052,false,http://192.168.0.11:3100/item/240d81cc-9330-41f3-8ca5-ff19e4393a60,Luchtbed Air Comfort1 persoon,1,Luchtbed voor de camping Air Comfort 70 cm 1 persoon,false,,25,Decathlon,2024-03-20,,,,false,2026-03-20,,,0,0001-07-02,,,,,,,,
,Slaapkamer 2,,000-059,false,http://192.168.0.11:3100/item/016dd65c-60bc-408c-84e4-1b862405dc46,hiking schoenen heren FH900 grijs geel,1,Ultralichte schoenen voor fast hiking heren FH900 grijs geel,false,,99.99,Decathlon,2024-03-20,,,,false,2026-03-20,,,0,0001-07-02,,,,,,,,
,Slaapkamer 2,,000-060,false,http://192.168.0.11:3100/item/f4f5f189-143b-436d-992d-ce2882cebf1f,MITTZON Onderstel voor bureau,1,"MITTZON Onderstel voor bureau, zwart, 120/140/160x80 cm",false,,120,Ikea,2024-07-09,,,,false,2026-07-09,,,0,0001-07-09,,,,,,,,
,Slaapkamer 2,,000-061,false,http://192.168.0.11:3100/item/1304ba0a-00c7-43b9-8494-2432b86eac6e,MITTZON Insteekmodule,1,"MITTZON Insteekmodule, zwart, 140x12 cm",false,,20,Ikea,2024-07-09,,,,false,2026-07-09,,,0,0001-07-09,,,,,,,,
,Slaapkamer 2,,000-062,false,http://192.168.0.11:3100/item/f224077a-1f08-4d1b-9ab9-0e919d3ba2f3,KOPPLA Verdeeldoos 4-voudig,1,"KOPPLA Verdeeldoos 4-voudig m 2 USB-poort, zwart/wit/textiel, 3.0m",false,,14.99,Ikea,2024-07-09,,,,false,2026-07-09,,,0,0001-07-09,,,,,,,,
,Slaapkamer 2,Servers; Maintenance Items; Storage Devices,000-063,false,http://192.168.0.11:3100/item/cdde94e6-17ef-46e4-a16a-65a9a40c5bcc,Jonsbo N1 Mini Tower Grijs Behuizing,1,,false,,149.9,Megekko,2024-07-14,,,,false,2026-07-14,,,0,0001-07-15,,,,,,,,
,Slaapkamer 2,,000-064,false,http://192.168.0.11:3100/item/667ffdfc-a6c2-4a69-8695-0564ddbde8c5,ASRock A520M-ITX/AC moederbord,1,,false,,103.85,Megekko,2024-07-14,,,,false,2026-07-14,,,0,0001-07-15,,ja,9C:6B:00:51:9A:E7,,,,,
,Slaapkamer 2,,000-065,false,http://192.168.0.11:3100/item/8e82cd6a-5b2a-43f8-9bda-ef7f50b3ed08,AMD Ryzen 5 4600G processor,1,,false,,99.95,Megekko,2024-07-14,,,,false,2027-07-14,,,0,0001-07-15,,ja,,,,,,
,Slaapkamer 2,Storage Media; Storage Devices,000-066,false,http://192.168.0.11:3100/item/364586ba-c650-42a0-abb0-860f0cda9f49,Seagate Exos 7E10 8 TB harde schijf,5,,false,,183.9,Alternate,2024-07-14,Seagate,ST8000NM017B,T02184556600001 T02184556600002 T02184556600003 T02184556600016 T02184556600017,false,2029-07-14,,,0,0001-07-21,,,,,,,,
,Slaapkamer 2,,000-067,false,http://192.168.0.11:3100/item/165760da-cda6-46a1-bbd6-44813a1c224d,be quiet! SFX Power 3 300W voeding,1,,false,,56.9,Alternate,2024-07-14,,,T02185842800006,false,2030-07-14,,,0,0001-07-21,,ja,,,,,,
,Slaapkamer 2,,000-068,false,http://192.168.0.11:3100/item/9db71011-facf-45ad-8657-a697a32e2e7a,G.Skill 32 GB DDR4-3600,1,,false,,72.9,alternate,2024-07-14,,,T02183632600002,false,2034-07-14,,,0,0001-07-21,,ja,,,,,,
,Slaapkamer 2,,000-069,false,http://192.168.0.11:3100/item/fb07e033-b571-4dd8-a355-19da9fddac2c,DeLOCK 2 port SATA PCI Express,1,,false,,29.99,alternate,2024-07-14,,,T02185695600002,false,2030-07-14,,,0,0001-07-21,,ja,,,,,,
,Slaapkamer 2,SmartHome,000-070,false,http://192.168.0.11:3100/item/01b44b25-8256-4cf2-b3ac-7b9b4faeae75,Aqara Inbouw schakelaar H1,1,Zonder nuldraad | 2 knoppen | Zigbee | Wit,false,,42.95,123led.nl,2024-07-21,,SKU:AK072EUW01,SN: A00444/SN1CSG00408,false,2026-07-21,,,0,0001-07-31,,ja,,,,,,
,Slaapkamer 2,SmartHome,000-071,false,http://192.168.0.11:3100/item/c9b6f687-f666-4665-8f55-bc0c8ce378de,Aqara Smart Plug,1,,false,,29.95,123led.nl,2024-07-21,,,A00430/SYH1CNV05936,false,2026-07-21,,,0,0001-07-31,,,,,,,,
,Slaapkamer 2,SmartHome,000-072,false,http://192.168.0.11:3100/item/83ad83c5-c8c0-4fd4-aba6-93e38b370fed,Aqara Led strip T1,1,Zigbee | RGB + 2700-6500K | 2 meter |Basisset,false,,49.5,123led.nl,2024-07-21,,,,false,2026-07-21,,,0,0001-07-31,,,,,,,,
,Slaapkamer 2,SmartHome,000-073,false,http://192.168.0.11:3100/item/96579364-ff77-430e-9a7f-1257855a1573,Philips Hue Kogellamp E14,1,White | 470 lumen | 5.7W,false,,19.95,123led.nl,2024-07-21,,,,false,2026-07-21,,,0,0001-07-31,,,,,,,,
,Slaapkamer 2,SmartHome,000-074,false,http://192.168.0.11:3100/item/f8e51d82-58fe-4ef4-a1ce-95568252f02c,Aqara Single Switch Module 2-Draads Zigbee,1,,false,,29.95,robbshop.nl,2024-07-27,,SKU:AU002GLW01,SN:A00441/SG1DJZ01831,false,2026-07-27,,,0,0001-07-31,,ja,,,,,,
,Slaapkamer 2,SmartHome,000-075,false,http://192.168.0.11:3100/item/5dc3466a-1698-4551-b829-ac645441c92c,Duux Whisper Flex,1,Smart Statiefventilator met Dock & Accu - Staande Ventilator & Tafelventilator - Greige,false,,199,bol.com,2024-07-29,,,,false,2026-07-29,,,0,0001-07-31,,ja,,,,,,
,Slaapkamer 2,,000-076,false,http://192.168.0.11:3100/item/fd9ce4bc-8590-4857-b556-073f9d6e2204,Mousepad streets,1,Kids Car Playmat from Childhood Design Mousepad Deskmat,false,,45.9,quokkamousepads.com,2024-08-01,,,,true,2099-12-31,,,0,0001-08-02,,ja,,,,,,
,Slaapkamer 2,,000-077,false,http://192.168.0.11:3100/item/0d599d12-7c8f-43d2-bdb1-e61c5e000361,USB B 3.0 3M Cable,2,LogiLink 3m USB 3.0 Cable - [CU0025],false,,6.59,Megekko.nl,2024-08-03,,,,false,2026-08-03,,,0,0001-08-05,,,,,,,,
,Woonkamer,LP's,000-078,false,http://192.168.0.11:3100/item/ff9a78b7-317d-4eca-9eb7-9e19d0eb2686,Blind Guardian - Somewhere Far Beyond,1,"Colored 2 Vinyl in Curacao 
Signed Tribal - Carboard
",false,Rerun edition,29.99,blind-guardian.liveyourmusic.com,2024-08-06,,,,false,2024-08-07,,,0,0001-08-11,,,,,,,,
,Voorzolder / Campingspullen,,000-079,false,http://192.168.0.11:3100/item/8af5bd8d-0e41-49b3-b6a6-4246033be5ad,Slaapzak Arpenaz 0°,1,Slaapzak Arpenaz 0°,false,,59.99,Decathlon,2024-08-10,,,,false,2029-08-09,,,0,0001-08-12,,,,,,,,
,Slaapkamer 2,SmartHome,000-080,false,http://192.168.0.11:3100/item/70847f7a-48cd-4990-8192-bb9996fe36bb,Aqara Bewegingsmelder P1,1,Aqara Bewegingsmelder P1 | Zigbee | Wit,false,,21.95,123led.nl,2024-08-13,,SKU:AS038GLW01,SN:A0002/SN1DHY02502,false,2026-08-13,,,0,0001-08-15,,ja,,,,,,
,Slaapkamer 2,SmartHome,000-081,false,http://192.168.0.11:3100/item/806ad793-abd4-48de-94eb-99d137d53d07,Aqara Deur - en Raamsensor T1,1,,false,,10.38,https://www.aliexpress.com/,2024-08-13,,,,false,2024-08-12,,,0,0001-08-15,,ja,,,,,,
,Bedroom,Storage Media; Storage Devices; Archieved,000-082,true,http://192.168.0.11:3100/item/62e61579-c888-4c94-bd8a-49ee265593e8,Hitachi Deskstar 80gb,1,,false,,0,,0001-08-16,,,PFDHU0SDUAK6LX,false,0001-08-16,,afgevoerd,0.01,0001-08-16,,nee,,,,,,
,On Person / Bag,,000-083,false,http://192.168.0.11:3100/item/f56741d1-df3a-42a3-92a9-601982d0e007,TP-Link Wireless adapter,1,,false,,0,,0001-08-16,,TL-WN722N(EU),220A0V9009571,false,2025-11-29,"mbo gekocht, 3 jaar garantie, ergens tot **-09-2025",,0,0001-08-16,,ja,,,,,,
,Slaapkamer 2,SmartHome,000-085,false,http://192.168.0.11:3100/item/2cb89c04-e009-4b93-b021-1910daacc188,LSC Moodlight,1,,false,,9.95,Action westergracht,2024-08-16,,,,false,2025-08-16,,,0,0001-08-17,,ja,,,,,,
,Woonkamer,LP's,000-086,false,http://192.168.0.11:3100/item/7e9303e1-b5e2-42e0-bbe5-89ff223734eb," Twilight Orchestra - Legacy of the dark lands",1,,false,,14.99,Large.nl,2022-05-15,,,,false,2022-05-14,,,0,0001-08-23,,,,,,,,
,Woonkamer,LP's,000-087,false,http://192.168.0.11:3100/item/3d707cd1-2ad6-4a1e-be58-4f0556fb75bc,You shook ma all night long in London - AC/DC,1,,false,,30.99,Large.nl,2023-03-28,,,,false,2023-03-27,,,0,0001-08-23,,,,,,,,
,Woonkamer,LP's,000-088,false,http://192.168.0.11:3100/item/c328af6c-cdd5-4e2e-b610-ba21102b7b3b," Back in Black - AC/DC",1,,false,,29.99,Large.nl,2024-05-13,,,,false,2024-05-12,,,0,0001-08-23,,,,,,,,
,Woonkamer,LP's,000-089,false,http://192.168.0.11:3100/item/63ec8f2d-07c3-431a-ab08-29566e76f3ac,Yesterwynde - Nightwish,1,,false,"besteld 15 jul, geleverd 20 Sept (pre-order)",34.99,Large.nl,2024-07-14,,,,false,2024-07-13,,,0,0001-08-23,,,,,,,,
,Woonkamer,LP's,000-090,false,http://192.168.0.11:3100/item/c9894d1f-96f8-48ca-9f8b-9abbf652ef23,Moderne Manieren - De Jeugd Van Tegenwoordig,1,,false,,0,topnotch-shop.nl,0001-08-23,,,,false,0001-08-23,,,0,0001-08-23,,,,,,,,
,Woonkamer,LP's,000-091,false,http://192.168.0.11:3100/item/bf65d324-d880-42e2-a259-43748c45b38f,The God Machine - BLIND GUARDIAN,1,Rerun editie,false,,27.72,Nuclear Blast,2022-10-14,,,,false,2022-10-13,,,0,0001-08-23,,,,,,,,
,Woonkamer,LP's,000-092,false,http://192.168.0.11:3100/item/20cf66b2-7553-42bb-82c5-ff1e6bbf6978,Human. :II: Nature. - Nightwish,1,,false,,34.02,Nuclear Blast,2022-12-08,,,,false,2022-12-07,,,0,0001-08-23,,,,,,,,
,Slaapkamer 2,,000-093,false,http://192.168.0.11:3100/item/0dcf4d86-9e3d-48c8-a1e8-aa7ac4cec95a,Corsair HS55 Wireless,1,"over-ear gaming headset
",false,,84.9,Alternate.nl,2024-08-23,,SKU: CA-9011280-EU,3e T02186434400003 2e A2CPB41920LVF7,false,2026-08-23,,,0,0001-08-24,,ja,,,,,,
,Slaapkamer 2,,000-094,false,http://192.168.0.11:3100/item/e9e89f7c-0481-4659-8311-df9a72a89f39,BESTÅ,1,,false,url design https://www.ikea.com/addon-app/storageone/besta/web/latest/nl/nl/?range=besta&storeId=378&vpcSource=clipboard#/summary/vpc/RDM4VN,170,Ikea,2024-08-23,,,,false,2034-08-23,,,0,0001-08-25,,,,,,,,
,Slaapkamer 2,,000-095,false,http://192.168.0.11:3100/item/46bb8be5-30b5-44bb-bcaf-3dbdbfd5c693,Logitech C925e,1,,false,,0,,2024-08-25,,,,false,2024-08-25,Eigendom van VU,,0,0001-08-25,,,,,,,,
,Woonkamer,LP's,000-096,false,http://192.168.0.11:3100/item/8e535357-6051-42b1-bcb4-182e4c892fcb,Du Hast SINGLE - Rammstein ,1,,false,,19.99,Large.nl,2024-08-27,,,,false,2024-10-26,Van Tonnie gekregen,,0,0001-08-30,,,,,,,,
,Slaapkamer 2,SmartHome,000-097,false,http://192.168.0.11:3100/item/56a3faf9-bcc3-4b44-97c1-23707b8ab8e8,LSC Smart Connect stekkerdoos,1,,false,,18.95,Action Westergracht,2024-09-28,,,,false,2026-08-27,,,0,0001-09-29,,ja,,,,,,
,Woonkamer,LP's,000-098,false,http://192.168.0.11:3100/item/37ed1b79-20d8-4348-900a-6b32e63034b6," Endless forms most beautiful - Nightwish",1,,false,,37.99,Large.nl,2024-10-29,,,,false,2024-10-28,,,0,0001-10-01,,,,,,,,
,Woonkamer,LP's,000-099,false,http://192.168.0.11:3100/item/aad61e05-a8d7-471e-bcf4-7f38665232e4,A head full of dreams - Coldplay,1,,false,,30.99,Large.nl,2024-10-29,,,,false,2024-10-28,,,0,0001-10-01,,,,,,,,
,Slaapkamer 2,,000-100,false,http://192.168.0.11:3100/item/c87a716b-be40-49f2-9675-27b2a11abda7,2023 Valtteri Bottas Model Helmet,1,Alfa Romeo Sauber F1 Racing Team 2023 Valtteri Bottas 1:5 Spark Model Helmet,false,,26.4,f1store2.formula1.com,2024-12-01,,,,false,2024-12-01,,,0,0001-12-07,,,,,,,,
,Woonkamer,LP's,000-101,false,http://192.168.0.11:3100/item/3da15813-7efd-49d9-8a0a-e357a48b448d,Trollslayer - Wind Rose,1,Gatefold SPLATTER TRANS CLEAR RED,false,,37.99,shop.windroseofficial.com,2024-12-05,,,,false,2024-12-04,,,0,0001-12-07,,,,,,,,
,Slaapkamer 2,SmartHome,000-102,false,http://192.168.0.11:3100/item/c07a34a8-bdd6-43dc-beff-b717ce03cf07,LSC Floodlight,1,"LSC Smart Connect buiten-schijnwerper
8 watt | 800 lumen",false,aangeschaft rond 21-11-2024,13.95,action,2024-11-28,,,,false,2026-11-29,Bonnetje kwijt?,,0,0001-11-28,,ja,,,,,,
,Woonkamer,Medical,000-106,false,http://192.168.0.11:3100/item/8a33d816-c913-44c0-a2de-486a9a781e23,Micrel Rhythmic Mini PN+,1,,false,,0,,2024-12-20,Micrel,Pomp: 5206116005273,Pomp: 170640062083 Batterij: 180241200028 Lader: 23A29568,true,0001-12-21,,,0,0001-12-21,,,,,,,,
,Slaapkamer 2,Storage Devices,000-107,false,http://192.168.0.11:3100/item/ddafd48e-7465-4024-a8a3-3219eaded544,Crucial MX500 1tb,1,"Crucial MX500 1tb
2.5 inch SATA SSD",false,,79,"Op Bol.com, verkoop door Azerty.nl",2024-12-23,Crucial by Micron,MDL: CT1000MX500SSD1,SN: 2350E8893767,false,2029-12-23,,,0,0001-12-24,,ja,,,,,,
,Slaapkamer 2,,000-108,false,http://192.168.0.11:3100/item/549ce55b-6e85-49ea-9523-73372e8e098b,DIY Speedcomfort,1,,false,,0,diy,2024-12-24,,,,false,2024-12-24,,,0,0001-12-29,,,,,,,,
,Slaapkamer 2,,000-109,false,http://192.168.0.11:3100/item/e31b02e7-4119-4ae1-82d9-12b595692384,Pwm 5a ventilator regelaar 12v,1,,false,,5.95,Hobbyelectronica.nl,2024-12-22,,SKU: 011676,,false,2024-12-22,,,0,0001-12-26,,,,,,,,
,Slaapkamer 2,,000-109,false,http://192.168.0.11:3100/item/c6a53e57-eb1f-4435-83e1-84ad91cfd733,DC voeding inbouw mannelijk,1,,false,,1.75,Hobbyelectronica.nl,2024-12-22,Cliff,FC681473,,false,2024-12-22,,,0,0001-12-26,,,,,,,,
,Slaapkamer 2,,000-109,false,http://192.168.0.11:3100/item/2e93aeca-7602-4efa-a73b-3aee38b78b3b,Temperatuur schakelaar W3230 met display 12V,1,,false,"P0: koeling of verwarming modus
P1: terugkeer verschil instelling
P2: maximale temperatuur instelling bovengrens
P3: minimum temperatuur instelling ondergrens
P4: temperatuur correctie
P5: vertraging starttijd (eenheid: minuut)",6.95,Hobbyelectronica.nl,2024-12-22,Aideepen,,,false,2024-12-22,,,0,0001-12-26,,,,,,,,
,Slaapkamer 2,,000-109,false,http://192.168.0.11:3100/item/b9a5678c-371f-4cfa-b6c3-d3582bb7a4b3,Pwm 5a ventilator regelaar 12v,2,,false,,11.9,Hobbyelectronica.nl,2024-12-24,,SKU: 011676,,false,2024-12-24,,,0,0001-12-26,,,,,,,,
,Slaapkamer 2,,000-109,false,http://192.168.0.11:3100/item/a6cc51d8-2f5a-4013-a81f-dc61f252a0fd,Dehner Elektronik SYS 1308N-2412-W2E,1,"Dehner Elektronik SYS 1308N-2412-W2E Stekkernetvoeding, vaste spanning 12 V/DC 2 A 24 W Gestabiliseerd",false,,18.99,Conrad.nl,2024-12-22,,1308N-2412-W2E,,false,2024-12-22,,,0,0001-12-26,,,,,,,,
,Slaapkamer 2,,000-109,false,http://192.168.0.11:3100/item/ccecfb9b-96be-455c-a7bd-c9ec01378582,Schakelaar SPST 5 A 250 V voor paneelmontage,1,,false,,4.4,123-3d.nl,2024-12-22,,,,false,2024-12-22,,,0,0001-12-26,,,,,,,,
,Slaapkamer 2,,000-109,false,http://192.168.0.11:3100/item/031ebacc-4b05-4a3e-9184-bd5b6354738c,Noctua NF-A4x20 PWM,6,"Noctua NF-A4x20 | 12V | 40x40x20 mm | 4-pin | axiaal | PWM ventilator
",false,,99,123-3d.nl,2024-12-22,Noctua,,,false,2030-12-22,,,0,0001-12-26,,,,,,,,
,Slaapkamer 2,,000-109,false,http://192.168.0.11:3100/item/fd76ea6e-2d3a-4961-98f4-fea9603b45bb,Vlechtkous 4 mm zwart (5 meter),1,,false,,7.56,123-3d.nl,2024-12-22,,,,false,2024-12-22,,,0,0001-12-26,,,,,,,,
,Slaapkamer 2,,000-110,false,http://192.168.0.11:3100/item/53960a9c-97e3-444b-80fb-39ef29d310b0,Dutch Shield Hoesje Grijs Kobo Libra H2O,1,,false,,12.39,hoesjesboetiek.nl,2024-07-26,,,,false,2026-07-26,,,0,0001-12-27,,,,,,,,
,Slaapkamer 2,SmartHome,000-111,false,http://192.168.0.11:3100/item/ce63aea3-1b6f-4012-8bef-c30392aecc9a,LSC Smart Plug,5,,false,,7.99,Action,2023-03-01,,,,false,2025-01-01,,,0,0001-12-31,,,,,,,,
,Gang Begane Grond / Meterkast,SmartHome,000-112,false,http://192.168.0.11:3100/item/d90e0085-610c-462e-bad3-fef29a0dd49a,P1 Meter,1,,false,,24.95,homewizard.com,2025-01-01,,,,false,2027-01-01,,,0,0001-01-02,,ja,,,,4C:09:FA:22:28:E8,,
,Slaapkamer 2,,000-113,false,http://192.168.0.11:3100/item/57007eda-9d7f-4d34-9ddd-2795a01fc3c9,Netgear WGR614v9,1,,false,,0,Koen,2022-01-02,Netgear,,*1UM2877UO15A0,false,2022-01-02,,,0,0001-01-02,,,,,,,00:22:3F:10:23:F8,
,Slaapkamer 2,Bags,000-114,false,http://192.168.0.11:3100/item/b126aed2-ab40-4d4d-8640-8962a8bcbabd,Sporttas Essential 20 liter donkerblauw,1,,false,,7.99,Decathlon.nl,2025-01-09,,,,false,2027-01-09,Door Tonnie besteld,,0,0001-01-16,,,,,,,,
,Slaapkamer 2,SmartHome,000-115,false,http://192.168.0.11:3100/item/9dfdd1d4-3f47-489d-881e-2a0d6052cb0f,LSC Smart Plug with Energy,1,,false,,6.77,Action Westergracht,2025-01-19,,,,false,2027-01-19,,,0,0001-01-19,,ja,,,,,,
,On Person,Bags,000-116,false,http://192.168.0.11:3100/item/da804559-2b37-4a10-a380-ac7843737e36,Osprey Comet 30,1,"Osprey  Comet 30 Reverie Green & Cetacean Blue
",false,,77,osprey.com,2023-05-02,,,,true,0001-01-27,,,0,0001-01-27,,,,,,,,
,Zolder,Bags,000-117,false,http://192.168.0.11:3100/item/5defa827-e022-424a-ba1e-39b880af8a3c,Trailrun rugzak 5L met bladder 3l,1,Trailrugzak 5 l met waterzak van 1 l zwart,false,,29.99,Decathlon Alkmaar,2025-01-26,,,,false,2027-01-26,,,0,0001-01-27,,,,,,,,
,Zolder,Bags,000-118,false,http://192.168.0.11:3100/item/96e36d24-f7df-4442-96c0-f5a90cc860f7,Osprey Seral 4 ,1,"Osprey Seral 4l  Dustmoss Green Heuptas met bladder 1.5l
",false,,59.5,osprey.com,0001-01-27,,,,true,0001-01-27,,,0,0001-01-27,,,,,,,,
,Zolder,Bags,000-119,false,http://192.168.0.11:3100/item/3d0caff1-d7b5-47af-8461-7e1ea3c0b963,Osprey Aether 65,1,Osprey Aether 65 Garlic Mustard Green,false,,195,snowcountry.nl,2021-06-13,,,,true,0001-01-27,,,0,0001-01-27,,,,,,,,
,Zolder,Bags,000-120,false,http://192.168.0.11:3100/item/c6ac66f3-4e36-4c5a-b65a-bdcb31e7cc52,Osprey Escapist 25,1,Osprey Escapist 25 Dagrugzak Kleur: Black,false,,145.95,bever.nl,2023-03-26,,,,true,0001-01-27,,,0,0001-01-27,,,,,,,,
